{
  "HKW_d22rBuc": {
    "user_name": "Clark Van Der Beken",
    "user_url": "https://unsplash.com/@snapsbyclark?utm_source=unsample&utm_medium=referral&utm_campaign=api-credit",
    "photo_url": "https://unsplash.com/photos/HKW_d22rBuc?utm_source=unsample&utm_medium=referral&utm_campaign=api-credit"
  },
  "TBuoZ3mIMI4": {
    "user_name": "Sander Weeteling",
    "user_url": "https://unsplash.com/@sanderweeteling?utm_source=unsample&utm_medium=referral&utm_campaign=api-credit",
    "photo_url": "https://unsplash.com/photos/TBuoZ3mIMI4?utm_source=unsample&utm_medium=referral&utm_campaign=api-credit"
  },
  "fEyAjecIrbI": {
    "user_name": "Raphael Lopes",
    "user_url": "https://unsplash.com/@raph_lopes?utm_source=unsample&utm_medium=referral&utm_campaign=api-credit",
    "photo_url": "https://unsplash.com/photos/fEyAjecIrbI?utm_source=unsample&utm_medium=referral&utm_campaign=api-credit"
  },
  "jzoml600Qjg": {
    "user_name": "Raychel Sanner",
    "user_url": "https://unsplash.com/@raychelsnr?utm_source=unsample&utm_medium=referral&utm_campaign=api-credit",
    "photo_url": "https://unsplash.com/photos/jzoml600Qjg?utm_source=unsample&utm_medium=referral&utm_campaign=api-credit"
  },
  "rVEfZqw59WQ": {
    "user_name": "Resource Database™",
    "user_url": "https://unsplash.com/@resourcedatabase?utm_source=unsample&utm_medium=referral&utm_campaign=api-credit",
    "photo_url": "https://unsplash.com/photos/rVEfZqw59WQ?utm_source=unsample&utm_medium=referral&utm_campaign=api-credit"
  },
  "mXbnIttBV-Y": {
    "user_name": "Lauren Pelesky",
    "user_url": "https://unsplash.com/@laurenpelesky?utm_source=unsample&utm_medium=referral&utm_campaign=api-credit",
    "photo_url": "https://unsplash.com/photos/mXbnIttBV-Y?utm_source=unsample&utm_medium=referral&utm_campaign=api-credit"
  },
  "FfE5PWVZdNg": {
    "user_name": "Nappy",
    "user_url": "https://unsplash.com/es/@nappystudio?utm_source=unsample&utm_medium=referral&utm_campaign=api-credit",
    "photo_url": "https://unsplash.com/photos/FfE5PWVZdNg?utm_source=unsample&utm_medium=referral&utm_campaign=api-credit"
  },
  "0yTi6XUvHcw": {
    "user_name": "Ivana Cajina",
    "user_url": "https://unsplash.com/@von_co?utm_source=unsample&utm_medium=referral&utm_campaign=api-credit",
    "photo_url": "https://unsplash.com/photos/0yTi6XUvHcw?utm_source=unsample&utm_medium=referral&utm_campaign=api-credit"
  },
  "yu9bH048dP4": {
    "user_name": "ARTISTIC FRAMES",
    "user_url": "https://unsplash.com/@artistic_frames?utm_source=unsample&utm_medium=referral&utm_campaign=api-credit",
    "photo_url": "https://unsplash.com/photos/yu9bH048dP4?utm_source=unsample&utm_medium=referral&utm_campaign=api-credit"
  },
  "_IkYbmtjlV8": {
    "user_name": "Lucas de Moura",
    "user_url": "https://unsplash.com/@root_br?utm_source=unsample&utm_medium=referral&utm_campaign=api-credit",
    "photo_url": "https://unsplash.com/photos/_IkYbmtjlV8?utm_source=unsample&utm_medium=referral&utm_campaign=api-credit"
  },
  "ygxaSjZJdbc": {
    "user_name": "Nico Iseli",
    "user_url": "https://unsplash.com/@nicoiseli?utm_source=unsample&utm_medium=referral&utm_campaign=api-credit",
    "photo_url": "https://unsplash.com/photos/ygxaSjZJdbc?utm_source=unsample&utm_medium=referral&utm_campaign=api-credit"
  },
  "8nFmxePh8j0": {
    "user_name": "Bastien Nvs",
    "user_url": "https://unsplash.com/@bastien_nvs?utm_source=unsample&utm_medium=referral&utm_campaign=api-credit",
    "photo_url": "https://unsplash.com/photos/8nFmxePh8j0?utm_source=unsample&utm_medium=referral&utm_campaign=api-credit"
  },
  "lRyb1rdj_QE": {
    "user_name": "Vladislav Nahorny",
    "user_url": "https://unsplash.com/@nvherewego?utm_source=unsample&utm_medium=referral&utm_campaign=api-credit",
    "photo_url": "https://unsplash.com/photos/lRyb1rdj_QE?utm_source=unsample&utm_medium=referral&utm_campaign=api-credit"
  },
  "HbDy6Jkqm0M": {
    "user_name": "Karsten Winegeart",
    "user_url": "https://unsplash.com/@karsten116?utm_source=unsample&utm_medium=referral&utm_campaign=api-credit",
    "photo_url": "https://unsplash.com/photos/HbDy6Jkqm0M?utm_source=unsample&utm_medium=referral&utm_campaign=api-credit"
  },
  "JLR6FaBg0Ok": {
    "user_name": "Stepan Kulyk",
    "user_url": "https://unsplash.com/@remik5?utm_source=unsample&utm_medium=referral&utm_campaign=api-credit",
    "photo_url": "https://unsplash.com/photos/JLR6FaBg0Ok?utm_source=unsample&utm_medium=referral&utm_campaign=api-credit"
  },
  "ud6WHcy7oj4": {
    "user_name": "Spenser Sembrat",
    "user_url": "https://unsplash.com/@spensersembrat?utm_source=unsample&utm_medium=referral&utm_campaign=api-credit",
    "photo_url": "https://unsplash.com/photos/ud6WHcy7oj4?utm_source=unsample&utm_medium=referral&utm_campaign=api-credit"
  },
  "Vv_uKfiWCE8": {
    "user_name": "Amy Vann",
    "user_url": "https://unsplash.com/@girl_behindthelens?utm_source=unsample&utm_medium=referral&utm_campaign=api-credit",
    "photo_url": "https://unsplash.com/photos/Vv_uKfiWCE8?utm_source=unsample&utm_medium=referral&utm_campaign=api-credit"
  },
  "EyDwI2sU4vw": {
    "user_name": "Nora Hutton",
    "user_url": "https://unsplash.com/es/@norahutton?utm_source=unsample&utm_medium=referral&utm_campaign=api-credit",
    "photo_url": "https://unsplash.com/photos/EyDwI2sU4vw?utm_source=unsample&utm_medium=referral&utm_campaign=api-credit"
  },
  "5Nhp-NlIAXo": {
    "user_name": "Jonathan Kemper",
    "user_url": "https://unsplash.com/@jupp?utm_source=unsample&utm_medium=referral&utm_campaign=api-credit",
    "photo_url": "https://unsplash.com/photos/5Nhp-NlIAXo?utm_source=unsample&utm_medium=referral&utm_campaign=api-credit"
  },
  "yQZkB9rbK7o": {
    "user_name": "Jonathan Borba",
    "user_url": "https://unsplash.com/@jonathanborba?utm_source=unsample&utm_medium=referral&utm_campaign=api-credit",
    "photo_url": "https://unsplash.com/photos/yQZkB9rbK7o?utm_source=unsample&utm_medium=referral&utm_campaign=api-credit"
  },
  "_OEFly8C8w4": {
    "user_name": "ConfinedRiley",
    "user_url": "https://unsplash.com/@confinedriley?utm_source=unsample&utm_medium=referral&utm_campaign=api-credit",
    "photo_url": "https://unsplash.com/photos/_OEFly8C8w4?utm_source=unsample&utm_medium=referral&utm_campaign=api-credit"
  },
  "NduAPLzahw8": {
    "user_name": "Gabrielle Henderson",
    "user_url": "https://unsplash.com/@gabriellefaithhenderson?utm_source=unsample&utm_medium=referral&utm_campaign=api-credit",
    "photo_url": "https://unsplash.com/photos/NduAPLzahw8?utm_source=unsample&utm_medium=referral&utm_campaign=api-credit"
  },
  "U-jjFS1wlA4": {
    "user_name": "Taisiia Shestopal",
    "user_url": "https://unsplash.com/@taisiia_shestopal?utm_source=unsample&utm_medium=referral&utm_campaign=api-credit",
    "photo_url": "https://unsplash.com/photos/U-jjFS1wlA4?utm_source=unsample&utm_medium=referral&utm_campaign=api-credit"
  },
  "U8jxiu56wuY": {
    "user_name": "Paolo Resteghini",
    "user_url": "https://unsplash.com/@iampaolor?utm_source=unsample&utm_medium=referral&utm_campaign=api-credit",
    "photo_url": "https://unsplash.com/photos/U8jxiu56wuY?utm_source=unsample&utm_medium=referral&utm_campaign=api-credit"
  },
  "KBuPsAtAtiE": {
    "user_name": "eberhard 🖐 grossgasteiger",
    "user_url": "https://unsplash.com/@eberhardgross?utm_source=unsample&utm_medium=referral&utm_campaign=api-credit",
    "photo_url": "https://unsplash.com/photos/KBuPsAtAtiE?utm_source=unsample&utm_medium=referral&utm_campaign=api-credit"
  }
}