{
  "To3VP5zGAtw": {
    "user_name": "Joice Kelly",
    "user_url": "https://unsplash.com/@joicekelly?utm_source=unsample&utm_medium=referral&utm_campaign=api-credit",
    "photo_url": "https://unsplash.com/photos/To3VP5zGAtw?utm_source=unsample&utm_medium=referral&utm_campaign=api-credit"
  },
  "iq4ockleNc4": {
    "user_name": "sayan Nath",
    "user_url": "https://unsplash.com/@hiresayan?utm_source=unsample&utm_medium=referral&utm_campaign=api-credit",
    "photo_url": "https://unsplash.com/photos/iq4ockleNc4?utm_source=unsample&utm_medium=referral&utm_campaign=api-credit"
  },
  "6BSfOczDI6E": {
    "user_name": "Bernd Dittrich",
    "user_url": "https://unsplash.com/@hdbernd?utm_source=unsample&utm_medium=referral&utm_campaign=api-credit",
    "photo_url": "https://unsplash.com/photos/6BSfOczDI6E?utm_source=unsample&utm_medium=referral&utm_campaign=api-credit"
  },
  "qCoLRFYHTaw": {
    "user_name": "rawkkim",
    "user_url": "https://unsplash.com/@rawkkim?utm_source=unsample&utm_medium=referral&utm_campaign=api-credit",
    "photo_url": "https://unsplash.com/photos/qCoLRFYHTaw?utm_source=unsample&utm_medium=referral&utm_campaign=api-credit"
  },
  "9KjAdrio03w": {
    "user_name": "Intricate Explorer",
    "user_url": "https://unsplash.com/@intricateexplorer?utm_source=unsample&utm_medium=referral&utm_campaign=api-credit",
    "photo_url": "https://unsplash.com/photos/9KjAdrio03w?utm_source=unsample&utm_medium=referral&utm_campaign=api-credit"
  },
  "BxeK1Xyy5Kw": {
    "user_name": "Isaac Yuen",
    "user_url": "https://unsplash.com/@iy_hkg_1103?utm_source=unsample&utm_medium=referral&utm_campaign=api-credit",
    "photo_url": "https://unsplash.com/photos/BxeK1Xyy5Kw?utm_source=unsample&utm_medium=referral&utm_campaign=api-credit"
  },
  "guDtouvAGeA": {
    "user_name": "Pawel Czerwinski",
    "user_url": "https://unsplash.com/@pawel_czerwinski?utm_source=unsample&utm_medium=referral&utm_campaign=api-credit",
    "photo_url": "https://unsplash.com/photos/guDtouvAGeA?utm_source=unsample&utm_medium=referral&utm_campaign=api-credit"
  },
  "og99SOFKgaQ": {
    "user_name": "Peter Herrmann",
    "user_url": "https://unsplash.com/@tama66?utm_source=unsample&utm_medium=referral&utm_campaign=api-credit",
    "photo_url": "https://unsplash.com/photos/og99SOFKgaQ?utm_source=unsample&utm_medium=referral&utm_campaign=api-credit"
  },
  "8IVbJs4itJk": {
    "user_name": "Laura Landers",
    "user_url": "https://unsplash.com/@thelauralanders?utm_source=unsample&utm_medium=referral&utm_campaign=api-credit",
    "photo_url": "https://unsplash.com/photos/8IVbJs4itJk?utm_source=unsample&utm_medium=referral&utm_campaign=api-credit"
  },
  "iJWmVdS1nj4": {
    "user_name": "Fernando herrera",
    "user_url": "https://unsplash.com/@fer_herrera?utm_source=unsample&utm_medium=referral&utm_campaign=api-credit",
    "photo_url": "https://unsplash.com/photos/iJWmVdS1nj4?utm_source=unsample&utm_medium=referral&utm_campaign=api-credit"
  }
}